{ "PatentData" : [ {"patentCaseMetadata":{"applicationNumberText":{"value":"06604195","electronicText":"06604195"},"filingDate":"1984-04-25","applicationTypeCategory":"Utility","partyBag":{"applicantBagOrInventorBagOrOwnerBag":[{"primaryExaminerOrAssistantExaminerOrAuthorizedOfficer":[{"name":{"personNameOrOrganizationNameOrEntityName":[{"personFullName":"RUMMEL, JULIA L"}]}}]},{"inventorOrDeceasedInventor":[{"contactOrPublicationContact":[{"name":{"personNameOrOrganizationNameOrEntityName":[{"personStructuredName":{"firstName":"AMARNATH","middleName":"P.","lastName":"DIVECHA"}}]},"cityName":"FALLS CHURCH","geographicRegionName":{"value":"VA","geographicRegionCategory":"STATE"},"countryCode":"US"}]},{"contactOrPublicationContact":[{"name":{"personNameOrOrganizationNameOrEntityName":[{"personStructuredName":{"firstName":"SUBASH","middleName":"","lastName":"KARMARKAR"}}]},"cityName":"GREAT FALLS","geographicRegionName":{"value":"VA","geographicRegionCategory":"STATE"},"countryCode":"US"}]}]},{"registeredPractitioner":[{"registeredPractitionerRegistrationNumber":"19898","registeredPractitionerCategory":"ATTORNEY","contactOrPublicationContact":[{"name":{"personNameOrOrganizationNameOrEntityName":[{"personStructuredName":{"firstName":"Kenneth","middleName":"","lastName":"Walden","nameSuffix":""}}]}}],"sequenceNumber":"1","activeIndicator":false},{"registeredPractitionerRegistrationNumber":"22172","registeredPractitionerCategory":"ATTORNEY","contactOrPublicationContact":[{"name":{"personNameOrOrganizationNameOrEntityName":[{"personStructuredName":{"firstName":"Robert","middleName":"","lastName":"Beers","nameSuffix":""}}]}}],"sequenceNumber":"2","activeIndicator":false}]},{"partyIdentifierOrContact":[{"name":{"personNameOrOrganizationNameOrEntityName":[{"personStructuredName":{"lastName":"NAVAL SEA SYSTEMS COMMAND"}}]},"postalAddressBag":{"postalAddress":[{"postalStructuredAddress":{"addressLineText":[{"value":"OFFICE OF COUNSEL"},{"value":"1333 ISAAC HULL AVE, SE STOP 1160"}],"cityName":"WASHINGTON NAVY YARD","geographicRegionName":[{"value":"DC"}],"countryCode":"US","postalCode":"20376"}}]}},{"value":"26515"}]}]},"groupArtUnitNumber":{"value":"1784","electronicText":"1784"},"applicationConfirmationNumber":"9594","applicantFileReference":"67,111","patentClassificationBag":{"cpcClassificationBagOrIPCClassificationOrECLAClassificationBag":[{"ipOfficeCode":"US","mainNationalClassification":{"nationalClass":"428","nationalSubclass":"304400"}}]},"businessEntityStatusCategory":"UNDISCOUNTED","firstInventorToFileIndicator":"false","inventionTitle":{"content":["PREPARATION OF CERAMIC/GLASS COMPOSITES FOR HIGH TEMPERATURE STRUCTURAL APPLICATIONS"]},"applicationStatusCategory":"Patented Case","applicationStatusDate":"2023-03-06","officialFileLocationCategory":"ELECTRONIC","patentGrantIdentification":{"patentNumber":"10173934","grantDate":"2019-01-08"}},"prosecutionHistoryDataBag":{"prosecutionHistoryData":[{"eventDate":"2023-03-06","eventCode":"M1558","eventDescriptionText":"Surcharge, Petition to Accept Pymt After Exp, Unintentional"},{"eventDate":"2023-03-06","eventCode":"M1551","eventDescriptionText":"Payment of Maintenance Fee, 4th Year, Large Entity"},{"eventDate":"2023-03-06","eventCode":"MPMFG","eventDescriptionText":"Mail-Petition Decision - Accept Late Payment of Maintenance Fees - Granted"},{"eventDate":"2023-03-06","eventCode":"PMFG","eventDescriptionText":"Petition Decision - Accept Late Payment of Maintenance Fees - Granted"},{"eventDate":"2023-03-06","eventCode":"PMFP","eventDescriptionText":"Petition to Accept Late Payment of Maintenance Fee Payment Filed"},{"eventDate":"2023-02-13","eventCode":"EXP.","eventDescriptionText":"Expire Patent"},{"eventDate":"2022-08-29","eventCode":"REM.","eventDescriptionText":"Maintenance Fee Reminder Mailed"},{"eventDate":"2019-01-08","eventCode":"PGM/","eventDescriptionText":"Recordation of Patent Grant Mailed"},{"eventDate":"2018-12-19","eventCode":"WPIR","eventDescriptionText":"Issue Notification Mailed"},{"eventDate":"2018-12-03","eventCode":"D1935","eventDescriptionText":"Dispatch to FDC"},{"eventDate":"2018-12-01","eventCode":"PILS","eventDescriptionText":"Application Is Considered Ready for Issue"},{"eventDate":"2018-11-29","eventCode":"N084","eventDescriptionText":"Issue Fee Payment Verified"},{"eventDate":"2018-11-29","eventCode":"IFEE","eventDescriptionText":"Issue Fee Payment Received"},{"eventDate":"2018-09-28","eventCode":"TCPB","eventDescriptionText":"Printer Rush- No mailing"},{"eventDate":"2018-09-28","eventCode":"TCPB","eventDescriptionText":"Printer Rush- No mailing"},{"eventDate":"2018-09-21","eventCode":"PUBTC","eventDescriptionText":"Pubs Case Remand to TC"},{"eventDate":"2018-09-18","eventCode":"TCPB","eventDescriptionText":"Printer Rush- No mailing"},{"eventDate":"2018-09-18","eventCode":"TCPB","eventDescriptionText":"Printer Rush- No mailing"},{"eventDate":"2018-09-18","eventCode":"TCPB","eventDescriptionText":"Printer Rush- No mailing"},{"eventDate":"2018-09-12","eventCode":"PUBTC","eventDescriptionText":"Pubs Case Remand to TC"},{"eventDate":"2018-09-07","eventCode":"MN/=.","eventDescriptionText":"Mail Notice of Allowance"},{"eventDate":"2018-09-06","eventCode":"N/=.","eventDescriptionText":"Notice of Allowance Data Verification Completed"},{"eventDate":"2018-08-31","eventCode":"EX.R","eventDescriptionText":"Reasons for Allowance"},{"eventDate":"1984-04-25","eventCode":"IDSC","eventDescriptionText":"Information Disclosure Statement considered"},{"eventDate":"2018-08-01","eventCode":"DOCK","eventDescriptionText":"Case Docketed to Examiner in GAU"},{"eventDate":"2018-04-04","eventCode":"DOCK","eventDescriptionText":"Case Docketed to Examiner in GAU"},{"eventDate":"2018-04-03","eventCode":"DOCK","eventDescriptionText":"Case Docketed to Examiner in GAU"},{"eventDate":"2018-02-21","eventCode":"DOCK","eventDescriptionText":"Case Docketed to Examiner in GAU"},{"eventDate":"1984-04-25","eventCode":"WIDS","eventDescriptionText":"Information Disclosure Statement (IDS) Filed"},{"eventDate":"2017-09-19","eventCode":"L134","eventDescriptionText":"Secrecy Order Rescinded"},{"eventDate":"2016-10-19","eventCode":"L133","eventDescriptionText":"Secrecy Order Renewed"},{"eventDate":"2015-10-23","eventCode":"L133","eventDescriptionText":"Secrecy Order Renewed"},{"eventDate":"2014-10-30","eventCode":"L133","eventDescriptionText":"Secrecy Order Renewed"},{"eventDate":"2013-10-31","eventCode":"L133","eventDescriptionText":"Secrecy Order Renewed"},{"eventDate":"2012-10-31","eventCode":"L133","eventDescriptionText":"Secrecy Order Renewed"},{"eventDate":"2011-10-31","eventCode":"L133","eventDescriptionText":"Secrecy Order Renewed"},{"eventDate":"2010-10-21","eventCode":"L133","eventDescriptionText":"Secrecy Order Renewed"},{"eventDate":"2009-10-26","eventCode":"L133","eventDescriptionText":"Secrecy Order Renewed"},{"eventDate":"2008-10-30","eventCode":"L133","eventDescriptionText":"Secrecy Order Renewed"},{"eventDate":"2008-03-26","eventCode":"C.AD","eventDescriptionText":"Correspondence Address Change"},{"eventDate":"2007-10-23","eventCode":"L133","eventDescriptionText":"Secrecy Order Renewed"},{"eventDate":"2006-10-27","eventCode":"L133","eventDescriptionText":"Secrecy Order Renewed"},{"eventDate":"2005-10-12","eventCode":"L133","eventDescriptionText":"Secrecy Order Renewed"},{"eventDate":"2004-10-19","eventCode":"MM327","eventDescriptionText":"Mail Miscellaneous Communication to Applicant"},{"eventDate":"2004-10-18","eventCode":"M327","eventDescriptionText":"Miscellaneous Communication to Applicant - No Action Count"},{"eventDate":"2003-08-22","eventCode":"L133","eventDescriptionText":"Secrecy Order Renewed"},{"eventDate":"2002-08-22","eventCode":"L133","eventDescriptionText":"Secrecy Order Renewed"},{"eventDate":"1995-10-05","eventCode":"CLAIM","eventDescriptionText":"Claim Preliminary Amendment"},{"eventDate":"1995-10-05","eventCode":"DRAWING","eventDescriptionText":"Drawing Preliminary Amendment"},{"eventDate":"1985-01-23","eventCode":"CLAIM","eventDescriptionText":"Claim Preliminary Amendment"},{"eventDate":"1985-01-23","eventCode":"DRAWING","eventDescriptionText":"Drawing Preliminary Amendment"},{"eventDate":"2001-08-29","eventCode":"L133","eventDescriptionText":"Secrecy Order Renewed"},{"eventDate":"2000-12-28","eventCode":"DOCK","eventDescriptionText":"Case Docketed to Examiner in GAU"},{"eventDate":"2000-08-29","eventCode":"L133","eventDescriptionText":"Secrecy Order Renewed"},{"eventDate":"1999-09-01","eventCode":"L133","eventDescriptionText":"Secrecy Order Renewed"},{"eventDate":"1998-09-02","eventCode":"L133","eventDescriptionText":"Secrecy Order Renewed"},{"eventDate":"1997-09-08","eventCode":"L133","eventDescriptionText":"Secrecy Order Renewed"},{"eventDate":"1996-09-09","eventCode":"L133","eventDescriptionText":"Secrecy Order Renewed"},{"eventDate":"1995-10-05","eventCode":"C.AD","eventDescriptionText":"Correspondence Address Change"},{"eventDate":"1995-09-07","eventCode":"L133","eventDescriptionText":"Secrecy Order Renewed"},{"eventDate":"1994-09-09","eventCode":"L133","eventDescriptionText":"Secrecy Order Renewed"},{"eventDate":"1993-09-10","eventCode":"L133","eventDescriptionText":"Secrecy Order Renewed"},{"eventDate":"1992-09-21","eventCode":"L133","eventDescriptionText":"Secrecy Order Renewed"},{"eventDate":"1991-09-19","eventCode":"L133","eventDescriptionText":"Secrecy Order Renewed"},{"eventDate":"1990-09-13","eventCode":"L133","eventDescriptionText":"Secrecy Order Renewed"},{"eventDate":"1989-09-13","eventCode":"L133","eventDescriptionText":"Secrecy Order Renewed"},{"eventDate":"1988-09-15","eventCode":"L133","eventDescriptionText":"Secrecy Order Renewed"},{"eventDate":"1987-09-09","eventCode":"L133","eventDescriptionText":"Secrecy Order Renewed"},{"eventDate":"1986-09-10","eventCode":"L133","eventDescriptionText":"Secrecy Order Renewed"},{"eventDate":"1985-10-30","eventCode":"MND10","eventDescriptionText":"Mail D10 Notice (L & R)"},{"eventDate":"1985-10-30","eventCode":"ND10","eventDescriptionText":"D-10 Notice (L & R Case)"},{"eventDate":"1985-10-09","eventCode":"EXIN","eventDescriptionText":"Interview Summary Record"},{"eventDate":"1985-09-27","eventCode":"A.NE","eventDescriptionText":"Response after Final Action"},{"eventDate":"1985-09-19","eventCode":"L133","eventDescriptionText":"Secrecy Order Renewed"},{"eventDate":"1985-09-09","eventCode":"MCTFR","eventDescriptionText":"Mail Final Rejection (PTOL - 326)"},{"eventDate":"1985-08-01","eventCode":"CTFR","eventDescriptionText":"Final Rejection"},{"eventDate":"1985-06-03","eventCode":"A...","eventDescriptionText":"Response after Non-Final Action"},{"eventDate":"1985-01-23","eventCode":"C.AD","eventDescriptionText":"Correspondence Address Change"},{"eventDate":"1984-04-25","eventCode":"M844","eventDescriptionText":"Information Disclosure Statement (IDS) Filed"},{"eventDate":"1984-04-25","eventCode":"WIDS","eventDescriptionText":"Information Disclosure Statement (IDS) Filed"},{"eventDate":"1984-12-12","eventCode":"MCTNF","eventDescriptionText":"Mail Non-Final Rejection"},{"eventDate":"1984-10-15","eventCode":"CTNF","eventDescriptionText":"Non-Final Rejection"},{"eventDate":"1984-09-20","eventCode":"L132","eventDescriptionText":"Secrecy Order Imposed"},{"eventDate":"1984-06-14","eventCode":"DOCK","eventDescriptionText":"Case Docketed to Examiner in GAU"}]},"assignmentDataBag":{"assignmentData":[{"reelNumber":"4256","frameNumber":"101","recordedDate":"04-25-1984","pageTotalQuantity":1,"conveyanceText":"ASSIGNMENT OF ASSIGNORS INTEREST.","assignorBag":{"assignor":[{"executionDate":"04-18-1984","contactOrPublicationContact":[{"name":{"personNameOrOrganizationNameOrEntityName":[{"value":"DIVECHA, AMARNATH P."}]}}]},{"executionDate":"04-18-1984","contactOrPublicationContact":[{"name":{"personNameOrOrganizationNameOrEntityName":[{"value":"KARMARKAR, SUBASH"}]}}]}]},"assigneeBag":{"assignee":[{"contactOrPublicationContact":[{"name":{"personNameOrOrganizationNameOrEntityName":[{"value":"UNITED STATES OF AMERICA AS REPRESENTED BY THE SECRETARY OF THE NAVY"}]}}]}]},"correspondenceAddress":{"partyIdentifierOrContact":[{"name":{"personNameOrOrganizationNameOrEntityName":[{"value":"OFFICE OF NAVAL RESEARCH"}]},"postalAddressBag":{"postalAddress":[{"postalAddressText":[{"sequenceNumber":"1","value":"CODE 309, DEPT. OF THE NAVY"},{"sequenceNumber":"2","value":"ARLINGTON, VA 22217"}]}]}}]},"sequenceNumber":"1"}],"assignmentTotalQuantity":1},"st96Version":"V4_0","ipoVersion":"US_V9_0"}] }